{"cameraMode":{"drawMode":0,"name":"Shaded","section":"Shading Mode"},"sceneLighting":true,"audioPlay":false,"sceneViewState":{"showFog":true,"showMaterialUpdate":false,"showSkybox":true,"showFlares":true,"showImageEffects":true,"showParticleSystems":true},"in2DMode":false,"pivot":{"x":-1.9792766571044922,"y":0.8708425760269165,"z":-6.694228649139404},"rotation":{"x":-0.32129335403442385,"y":0.12928050756454469,"z":-0.04432687163352966,"w":-0.9370700716972351},"size":1.0172240734100342,"orthographic":false}